{
  "version": 1,
  "duration": 35.295411,
  "env": {
    "SHELL": "/bin/bash",
    "TERM": "xterm-256color"
  },
  "title": null,
  "width": 160,
  "height": 40,
  "command": null,
  "stdout": [
    [
      0.259286,
      "\u001b[01;32mubugnu@zesty-zapus\u001b[00m:\u001b[01;34m~/Dev/opendz.github.io/ubugnu\u001b[00m \u001b[36m(master)\u001b[31m\u001b(B\u001b[0m$ "
    ],
    [
      2.0,
      "f"
    ],
    [
      0.087707,
      "i"
    ],
    [
      0.154768,
      "g"
    ],
    [
      0.232699,
      "l"
    ],
    [
      0.066666,
      "e"
    ],
    [
      0.249717,
      "\u0007t"
    ],
    [
      0.720176,
      " "
    ],
    [
      0.294313,
      "-"
    ],
    [
      0.103285,
      "c"
    ],
    [
      0.269393,
      " "
    ],
    [
      0.154033,
      "\""
    ],
    [
      0.510972,
      "H"
    ],
    [
      0.151803,
      "e"
    ],
    [
      0.170291,
      "l"
    ],
    [
      0.170776,
      "l"
    ],
    [
      0.214905,
      "o"
    ],
    [
      0.125009,
      " "
    ],
    [
      0.362684,
      "n"
    ],
    [
      0.204933,
      "o"
    ],
    [
      0.139155,
      "o"
    ],
    [
      0.33958,
      "b"
    ],
    [
      0.575154,
      "s"
    ],
    [
      1.665778,
      "\""
    ],
    [
      0.364869,
      " "
    ],
    [
      0.464055,
      "&"
    ],
    [
      0.190662,
      "&"
    ],
    [
      0.432983,
      " "
    ],
    [
      0.391829,
      "f"
    ],
    [
      0.08542,
      "i"
    ],
    [
      0.482676,
      "g"
    ],
    [
      0.41175,
      "l"
    ],
    [
      0.072421,
      "e"
    ],
    [
      0.278465,
      "t"
    ],
    [
      0.0723,
      " "
    ],
    [
      0.320046,
      "("
    ],
    [
      0.651973,
      "\b\u001b[K"
    ],
    [
      0.438821,
      "-"
    ],
    [
      0.436022,
      "c"
    ],
    [
      0.327508,
      " "
    ],
    [
      0.349669,
      "\""
    ],
    [
      0.441971,
      "I"
    ],
    [
      0.278,
      "'"
    ],
    [
      0.157956,
      "m"
    ],
    [
      0.3556,
      " "
    ],
    [
      0.355341,
      "u"
    ],
    [
      0.134099,
      "b"
    ],
    [
      0.087528,
      "u"
    ],
    [
      0.218641,
      "g"
    ],
    [
      0.129984,
      "n"
    ],
    [
      0.077554,
      "u"
    ],
    [
      0.370594,
      "\""
    ],
    [
      0.285166,
      " "
    ],
    [
      0.430955,
      "&"
    ],
    [
      0.18329,
      "&"
    ],
    [
      0.630694,
      " "
    ],
    [
      0.819787,
      "f"
    ],
    [
      0.308036,
      "i"
    ],
    [
      0.205592,
      "g"
    ],
    [
      0.199353,
      "l"
    ],
    [
      0.121659,
      "e"
    ],
    [
      0.245048,
      "\u0007t"
    ],
    [
      0.737041,
      " "
    ],
    [
      0.282539,
      "-"
    ],
    [
      0.438739,
      "c"
    ],
    [
      0.294992,
      " "
    ],
    [
      0.197634,
      "\""
    ],
    [
      1.297553,
      "W"
    ],
    [
      0.376509,
      "e"
    ],
    [
      0.302224,
      "c"
    ],
    [
      0.810868,
      "\b\u001b[K"
    ],
    [
      0.250779,
      "l"
    ],
    [
      0.206564,
      "c"
    ],
    [
      0.147997,
      "o"
    ],
    [
      0.219374,
      "m"
    ],
    [
      0.209673,
      " "
    ],
    [
      0.192317,
      "o"
    ],
    [
      0.181251,
      "n"
    ],
    [
      0.168425,
      " "
    ],
    [
      0.194251,
      "m"
    ],
    [
      0.291513,
      "y"
    ],
    [
      0.221977,
      " "
    ],
    [
      0.294193,
      "p"
    ],
    [
      0.074477,
      "a"
    ],
    [
      0.579207,
      "g"
    ],
    [
      0.094574,
      "e"
    ],
    [
      0.528777,
      "\""
    ],
    [
      0.959668,
      "\r\n"
    ],
    [
      0.005232,
      "               _   _      _ _                           _         \r\n              | | | | ___| | | ___    _ __   ___   ___ | |__  ___ \r\n              | |_| |/ _ \\ | |/ _ \\  | '_ \\ / _ \\ / _ \\| '_ \\/ __|\r\n              |  _  |  __/ | | (_) | | | | | (_) | (_) | |_) \\__ \\\r\n              |_| |_|\\___|_|_|\\___/  |_| |_|\\___/ \\___/|_.__/|___/\r\n                                                                  \r\n"
    ],
    [
      0.004164,
      "             ___ _                   _                             \r\n            |_ _( )_ __ ___    _   _| |__  _   _  __ _ _ __  _   _ \r\n             | ||/| '_ ` _ \\  | | | | '_ \\| | | |/ _` | '_ \\| | | |\r\n             | |  | | | | | | | |_| | |_) | |_| | (_| | | | | |_| |\r\n            |___| |_| |_| |_|  \\__,_|_.__/ \\__,_|\\__, |_| |_|\\__,_|\r\n                                                 |___/             \r\n"
    ],
    [
      0.004007,
      "     __        __   _                                                     \r\n     \\ \\      / /__| | ___ ___  _ __ ___     ___  _ __    _ __ ___  _   _ \r\n      \\ \\ /\\ / / _ \\ |/ __/ _ \\| '_ ` _ \\   / _ \\| '_ \\  | '_ ` _ \\| | | |\r\n       \\ V  V /  __/ | (_| (_) | | | | | | | (_) | | | | | | | | | | |_| |\r\n"
    ],
    [
      5.7e-05,
      "        \\_/\\_/ \\___|_|\\___\\___/|_| |_| |_|  \\___/|_| |_| |_| |_| |_|\\__, |\r\n                                                                    |___/ \r\n                                                    \r\n                             _ __   __ _  __ _  ___ \r\n"
    ],
    [
      5e-05,
      "                            | '_ \\ / _` |/ _` |/ _ \\\r\n                            | |_) | (_| | (_| |  __/\r\n                            | .__/ \\__,_|\\__, |\\___|\r\n                            |_|          |___/      \r\n"
    ],
    [
      0.013011,
      "\u001b[01;32mubugnu@zesty-zapus\u001b[00m:\u001b[01;34m~/Dev/opendz.github.io/ubugnu\u001b[00m \u001b[36m(master)\u001b[31m\u001b(B\u001b[0m$ "
    ],
    [
      1.886234,
      "e"
    ],
    [
      0.220804,
      "x"
    ],
    [
      0.523596,
      "i"
    ],
    [
      0.235653,
      "t"
    ],
    [
      1.81463,
      "\r\n"
    ]
  ]
}