{
  "height": 40,
  "version": 1,
  "command": null,
  "duration": 45.472366,
  "stdout": [
    [
      0.230995,
      "\u001b[01;32mubugnu@zesty-zapus\u001b[00m:\u001b[01;34m~/Dev/opendz.github.io/ubugnu\u001b[00m \u001b[36m(master)\u001b[31m*\u001b(B\u001b[0m$ "
    ],
    [
      0.796465,
      "f"
    ],
    [
      0.126692,
      "i"
    ],
    [
      0.140345,
      "g"
    ],
    [
      0.719322,
      "l"
    ],
    [
      0.07071,
      "e"
    ],
    [
      0.248745,
      "t"
    ],
    [
      0.104491,
      " "
    ],
    [
      0.264102,
      "\""
    ],
    [
      0.275372,
      " "
    ],
    [
      0.233824,
      "\""
    ],
    [
      0.182551,
      " "
    ],
    [
      0.512544,
      "&"
    ],
    [
      0.1673,
      "&"
    ],
    [
      0.233903,
      " "
    ],
    [
      0.636709,
      "f"
    ],
    [
      0.205408,
      "i"
    ],
    [
      0.212484,
      "g"
    ],
    [
      0.415371,
      "l"
    ],
    [
      0.134127,
      "e"
    ],
    [
      0.293154,
      "t"
    ],
    [
      0.416332,
      " "
    ],
    [
      0.815117,
      "-"
    ],
    [
      0.281898,
      "c"
    ],
    [
      0.20277,
      " "
    ],
    [
      0.486529,
      "\""
    ],
    [
      0.550931,
      "H"
    ],
    [
      0.270935,
      "i"
    ],
    [
      0.358912,
      " "
    ],
    [
      0.537094,
      " "
    ],
    [
      0.235712,
      " "
    ],
    [
      1.237234,
      "n"
    ],
    [
      0.256828,
      "o"
    ],
    [
      0.164309,
      "o"
    ],
    [
      0.417274,
      "b"
    ],
    [
      0.146047,
      "s"
    ],
    [
      0.371792,
      "\""
    ],
    [
      0.349733,
      " "
    ],
    [
      0.590289,
      "&"
    ],
    [
      0.26803,
      "&"
    ],
    [
      0.281266,
      " "
    ],
    [
      0.651816,
      "f"
    ],
    [
      0.150232,
      "i"
    ],
    [
      0.240818,
      "g"
    ],
    [
      0.177049,
      "l"
    ],
    [
      0.225792,
      "\u0007"
    ],
    [
      0.653898,
      "e"
    ],
    [
      0.26128,
      "\u0007t"
    ],
    [
      0.683343,
      " "
    ],
    [
      0.375574,
      "-"
    ],
    [
      0.109853,
      "c"
    ],
    [
      0.531854,
      " "
    ],
    [
      0.659424,
      "\""
    ],
    [
      1.856164,
      "I"
    ],
    [
      0.34472,
      "'"
    ],
    [
      0.157112,
      "m"
    ],
    [
      0.17566,
      " "
    ],
    [
      0.330365,
      " "
    ],
    [
      0.453674,
      "u"
    ],
    [
      0.125849,
      "b"
    ],
    [
      0.128887,
      "u"
    ],
    [
      0.217391,
      "g"
    ],
    [
      0.142937,
      "n"
    ],
    [
      0.113706,
      "u"
    ],
    [
      0.433596,
      "\""
    ],
    [
      0.376874,
      " "
    ],
    [
      0.538361,
      "&"
    ],
    [
      0.201506,
      "&"
    ],
    [
      0.289046,
      " "
    ],
    [
      0.532898,
      "f"
    ],
    [
      0.113837,
      "i"
    ],
    [
      0.196778,
      "g"
    ],
    [
      0.209382,
      "l"
    ],
    [
      0.138726,
      "e"
    ],
    [
      0.385846,
      " "
    ],
    [
      0.40358,
      "\b\u001b[K"
    ],
    [
      0.051161,
      "t"
    ],
    [
      0.376769,
      " "
    ],
    [
      0.481209,
      "-"
    ],
    [
      0.101554,
      "c"
    ],
    [
      0.440156,
      " "
    ],
    [
      0.844474,
      "\""
    ],
    [
      2.0,
      "W"
    ],
    [
      0.360449,
      "e"
    ],
    [
      0.256922,
      "l"
    ],
    [
      0.152041,
      "c"
    ],
    [
      0.158089,
      "o"
    ],
    [
      0.233673,
      "m"
    ],
    [
      0.278927,
      " "
    ],
    [
      0.192733,
      " "
    ],
    [
      0.320745,
      "o"
    ],
    [
      0.252646,
      "n"
    ],
    [
      0.365604,
      " "
    ],
    [
      0.157038,
      " "
    ],
    [
      0.602211,
      "m"
    ],
    [
      0.386532,
      "y"
    ],
    [
      0.288014,
      " "
    ],
    [
      0.172321,
      " "
    ],
    [
      0.535348,
      "p"
    ],
    [
      0.098632,
      "a"
    ],
    [
      0.626406,
      "g"
    ],
    [
      0.063665,
      "e"
    ],
    [
      0.330138,
      "\""
    ],
    [
      0.655674,
      "  \r"
    ],
    [
      0.435313,
      "&"
    ],
    [
      0.171178,
      "&"
    ],
    [
      0.270656,
      " "
    ],
    [
      0.405518,
      "f"
    ],
    [
      0.109765,
      "i"
    ],
    [
      0.232678,
      "g"
    ],
    [
      0.190204,
      "l"
    ],
    [
      0.110741,
      "e"
    ],
    [
      0.267172,
      "t"
    ],
    [
      0.105022,
      " "
    ],
    [
      0.909781,
      "\""
    ],
    [
      0.298979,
      " "
    ],
    [
      0.22358,
      "\""
    ],
    [
      0.423974,
      "\r\n"
    ],
    [
      0.00407,
      " \r\n \r\n \r\n \r\n \r\n \r\n"
    ],
    [
      0.004066,
      "                    _   _ _                       _         \r\n                   | | | (_)    _ __   ___   ___ | |__  ___ \r\n                   | |_| | |   | '_ \\ / _ \\ / _ \\| '_ \\/ __|\r\n                   |  _  | |   | | | | (_) | (_) | |_) \\__ \\\r\n                   |_| |_|_|   |_| |_|\\___/ \\___/|_.__/|___/\r\n                                                            \r\n"
    ],
    [
      0.003857,
      "             ___ _                    _                             \r\n            |_ _( )_ __ ___     _   _| |__  _   _  __ _ _ __  _   _ \r\n             | ||/| '_ ` _ \\   | | | | '_ \\| | | |/ _` | '_ \\| | | |\r\n             | |  | | | | | |  | |_| | |_) | |_| | (_| | | | | |_| |\r\n            |___| |_| |_| |_|   \\__,_|_.__/ \\__,_|\\__, |_| |_|\\__,_|\r\n"
    ],
    [
      7.4e-05,
      "                                                  |___/             \r\n"
    ],
    [
      0.00465,
      "    __        __   _                                                       \r\n    \\ \\      / /__| | ___ ___  _ __ ___      ___  _ __     _ __ ___  _   _ \r\n     \\ \\ /\\ / / _ \\ |/ __/ _ \\| '_ ` _ \\    / _ \\| '_ \\   | '_ ` _ \\| | | |\r\n"
    ],
    [
      0.000117,
      "      \\ V  V /  __/ | (_| (_) | | | | | |  | (_) | | | |  | | | | | | |_| |\r\n       \\_/\\_/ \\___|_|\\___\\___/|_| |_| |_|   \\___/|_| |_|  |_| |_| |_|\\__, |\r\n                                                                     |___/ \r\n                                                    \r\n                             _ __   __ _  __ _  ___ \r\n"
    ],
    [
      6.6e-05,
      "                            | '_ \\ / _` |/ _` |/ _ \\\r\n                            | |_) | (_| | (_| |  __/\r\n                            | .__/ \\__,_|\\__, |\\___|\r\n                            |_|          |___/      \r\n"
    ],
    [
      0.005676,
      " \r\n \r\n \r\n \r\n \r\n \r\n"
    ],
    [
      0.010718,
      "\u001b[01;32mubugnu@zesty-zapus\u001b[00m:\u001b[01;34m~/Dev/opendz.github.io/ubugnu\u001b[00m \u001b[36m(master)\u001b[31m*\u001b(B\u001b[0m$ "
    ],
    [
      1.654633,
      "e"
    ],
    [
      0.319021,
      "x"
    ],
    [
      0.260026,
      "i"
    ],
    [
      0.247737,
      "t"
    ],
    [
      0.985295,
      "\r\n"
    ]
  ],
  "title": null,
  "env": {
    "TERM": "xterm-256color",
    "SHELL": "/bin/bash"
  },
  "width": 160
}